rownr,name,prob_forest,prob_jungle,prob_oilpalm,prob_rubber
1,Acacia pennata,0.124999987,0,0,0
2,Acer laurinum,0,0.152290095,0,0
3,Acmella paniculata,0,0,0.124901693,0.018769951
4,Acranthera sp. 01,0,0,0.122307298,0
5,Acronychia pedunculata,0.325510693,0.168290983,0,0
6,Actinodaphne cf. glomerata,0.125,0,0,0
7,Actinodaphne oleifolia,0.247885413,0.072848046,0,0
8,Adenia macrophylla,0.066633815,0.484423003,0,0
9,Adiantum latifolium,0,0,0.308646578,0
10,Adinandra cf. integerrima,0,0.102217712,0,0
11,Adinandra cf. sarosanthera,0,0.125,0,0
12,Adinandra dumosa,0,0,0.106634374,0
13,Agelaea borneensis,0.676305704,0.418309399,0,0
14,Agelaea macrophylla,0.749967153,0.316399649,0,0
15,Agelaea trinervis,0,0.118313124,0,0
16,Ageratum conyzoides,0,0,0.996678474,0.058810857
17,Aglaia argentea,0.231463891,0.071620558,0,0
18,Aglaia crassinervia,0.109916908,0,0,0
19,Aglaia cucullata,0.042128219,0,0,0
20,Aglaia lawii,0.20611665,0.125,0,0
21,Aglaia leucophylla,0.465502772,0,0,0
22,Aglaia malaccensis,0.189417281,0,0,0
23,Aglaia odoratissima,0.156489102,0.119866199,0,0
24,Aglaia palembanica,0.124371563,0,0,0
25,Aglaia rubiginosa,0.089855286,0,0,0
26,Aglaia sexipetala,0.089855286,0,0,0
27,Aglaia silvestris,0.427106462,0,0,0
28,Aglaia simplicifolia,0.103556841,0,0,0
29,Aglaia spectabilis,0.228340693,0,0,0
30,Aglaia tomentosa,0.404115077,0.125,0,0
31,Agrostistachys borneensis,0,0.180909935,0.090845439,0.043307949
32,Agrostistachys gaudichaudii,0,0,0.017520612,0.006263422
33,Ailanthus integrifolia,0.161083207,0,0,0
34,Alangium cf. kurzii,0,0.141533346,0,0
35,Alangium javanicum,0.330867737,0.208963372,0,0
36,Alangium longiflorum,0.078544962,0.053370335,0,0
37,Alangium ridleyi,0.096688666,0,0,0
38,Alangium salviifolium,0.234916908,0.123556384,0,0
39,Alangium uniloculare,0.226825695,0,0,0
40,Albertisia papuana ,0.124974331,0,0,0
41,Alchornea tiliifolia,0.125,0.248234664,0,0
42,Allophylus cobbe,0.190838881,0,0,0
43,Alocasia cf. wongii,0,0.367659894,0,0.005848355
44,Alocasia longiloba,0.212252085,0,0,0
45,Alseodaphne bancana,0.124375192,0.124646803,0,0
46,Alseodaphne lancilimba,0,0.124999952,0,0
47,Alseodaphne nigrescens,0,0.072848046,0,0
48,Alstonia angustifolia,0.249918633,0.860119462,0.232910361,0.258615991
49,Alstonia pneumatophora,0,0.103254743,0,0
50,Alstonia scholaris,0.066633815,0.765446546,0.168650679,0.079360502
51,Alyxia pilosa,0.042128219,0,0,0
52,Alyxia sp. 01,0,0.125,0,0
53,Amischotolype mollissima,0.408706067,0,0,0
54,Amorphophallus sp. 03,0.048789288,0,0,0
55,Ampelocissus ascendiflora,0,0.072848046,0,0
56,Ampelocissus elegans,0.042128219,0,0,0
57,Ampelocissus gracilis,0.31018164,0,0,0
58,Ampelocissus spicifer,0.578604389,0.24934677,0,0
59,Ampelocissus thyrsiflora,0.159921167,0.118313124,0,0
60,Amydrium medium,0.25,0.125,0,0
61,Amydrium sp. 01,0.289362628,0,0,0
62,Anadendrum affine,0.078544962,0,0,0
63,Anadendrum latifolium,0.125,0,0,0
64,Anadendrum marginatum,0.048789288,0.043309399,0,0
65,Anadendrum microstachyum,0.871461727,0,0,0
66,Anadendrum montanum,0.207499465,0.124728468,0,0
67,Anamirta cocculus,0.048789288,0,0,0
68,Ancistrocladus tectorius,0.249996968,0,0,0
69,Andrographis paniculata,0,0,0.125,0.088192483
70,Anerincleistus hirsutus,0.122239484,0,0,0
71,Angiopteris evecta,0.125,0,0,0
72,Anisophyllea disticha,0.494556724,0.233061841,0.122307298,0.125
73,Anisoptera costata,0.191227688,0,0,0.006263422
74,Annonaceae sp. 02,0.125,0,0,0
75,Annonaceae sp. 08,0,0.0686853,0.024300261,0
76,Annonaceae sp. 09,0,0.226375013,0,0
77,Annonaceae sp. 14,0.048789288,0.125,0,0
78,Annonaceae sp. 20,0,0.125,0,0
79,Annonaceae sp. 23,0,0.071620558,0,0
80,Annonaceae sp. 30,0.089855286,0.090124874,0,0
81,Annonaceae sp. 35,0.237287866,0,0,0
82,Annonaceae sp. 36,0.066633815,0.121226442,0,0
83,Annonaceae sp. 40,0,0.124999994,0,0
84,Annonaceae sp. 41,0.124225962,0.176747189,0,0
85,Annonaceae sp. 42,0,0.0686853,0,0
86,Annonaceae sp. 44,0.122627228,0,0,0
87,Annonaceae sp. 46,0.048789288,0,0,0
88,Annonaceae sp. 48,0.096688666,0,0,0
89,Annonaceae sp. 49,0.11859961,0,0,0
90,Antiaris toxicaria,0.191630784,0.257812384,0,0
91,Antidesma cf. velutinum,0.244866712,0,0,0
92,Antidesma coriaceum,0.489490891,0,0,0
93,Antidesma cuspidatum,0.498764159,0.796197779,0.031126224,0.059486291
94,Antidesma forbesii,0.248189593,0.108061889,0.076801412,0
95,Antidesma leucopodum,0.298006249,0.125,0,0
96,Antidesma neurocarpum,0.233249784,0.244866199,0,0
97,Antidesma sp. 07,0,0.119866199,0,0
98,Antidesma sp. 21,0.109916908,0,0,0
99,Antidesma stipulare,0.103556841,0,0,0
100,Antidesma tomentosum,0.212803188,0,0,0
101,Antidesma velutinosum,0,0.12247652,0,0
102,Antrophyum callifolium,0.097760742,0,0,0
103,Aphanamixis polystachya,0.066633815,0,0,0
104,Apocynaceae sp. 08,0,0.217955179,0,0
105,Apocynaceae sp. 13,0,0.0686853,0,0
106,Apocynaceae sp. 19,0.048789288,0,0,0
107,Apocynaceae sp. 25,0.103556841,0,0,0
108,Aporosa antennifera,0.354689536,0.122714349,0,0
109,Aporosa arborea,0.197621031,0,0,0
110,Aporosa benthamiana,0,0.072848046,0,0
111,Aporosa cf. falcifera,0.066633815,0,0,0
112,Aporosa frutescens,0.3383049,0,0,0
113,Aporosa lucida,0.573113332,0.122714349,0,0
114,Aporosa lunata,0.199878591,0,0,0
115,Aporosa nervosa,0.499999992,0.108409659,0,0
116,Aporosa octandra,0,0.227217712,0.436928037,0.220392752
117,Aporosa prainiana,0.066633815,0.125,0,0
118,Aporosa subcaudata,0.615058472,0.125,0,0.00295908
119,Aporosa symplocoides,0.475716827,0,0,0
120,Aporosa whitmorei ,0,0.125,0,0
121,Aquilaria malaccensis,0.145178777,0.043309399,0,0.01202336
122,Araceae sp. 02,0.125,0,0,0
123,Araceae sp. 22,0.066633815,0,0,0
124,Aralidium pinnatifidum,0.097380085,0,0,0
125,Arcangelisia flava,0.346647735,0.240009182,0,0
126,Archidendron bubalinum,0.347760742,0.696620291,0.125,0.215176522
127,Archidendron clypearia,0.157261943,0.125,0,0
128,Archidendron fagifolium,0.335528465,0.322693801,0,0
129,Archidendron jiringa,0,0.124997114,0.058775684,0
130,Archidendron microcarpum,0.22579125,0.186998424,0,0
131,Ardisia fuliginosa,0.482543226,0,0,0
132,Ardisia korthalsiana,0,0.124999998,0,0
133,Ardisia odontophylla,0.048789288,0,0,0
134,Ardisia pterocaulis,0.125,0,0,0
135,Ardisia purpurea,0.216360352,0,0,0
136,Ardisia sanguinolenta,0.191005378,0.244866199,0,0
137,Ardisia sp. 05,0,0.125,0,0
138,Ardisia sp. 08,0.078544962,0,0,0
139,Ardisia sp. 09,0.103556841,0,0,0
140,Ardisia villosa,0.115133724,0,0,0
141,Areca sp. 02,0.097760742,0,0,0
142,Arecaceae sp. 01,0,0.043309399,0,0
143,Arecaceae sp. 02,0.119076068,0,0,0
144,Arecaceae sp. 05,0.103556841,0,0,0
145,Arecaceae sp. 06,0.214230479,0,0,0
146,Arecaceae sp. 11,0.066227688,0,0,0
147,Arecaceae sp. 13,0.097380085,0,0,0
148,Artabotrys hexapetalus,0.377140346,0,0,0
149,Artabotrys maingayi,0.048789288,0.118313124,0,0
150,Artabotrys suaveolens,0.212569315,0,0,0
151,Artabotrys tomentosus,0.066227688,0,0,0
152,Artocarpus anisophyllus,0.190189552,0.1936853,0,0.01202336
153,Artocarpus dadah,0.066633815,0.490789645,0,0
154,Artocarpus elasticus,0.191210873,0.844967379,0,0.041607069
155,Artocarpus heterophyllus,0,0,0,0.004981497
156,Artocarpus hispidus,0.048789288,0,0,0
157,Artocarpus integer,0.435701354,0.483015719,0,0
158,Artocarpus kemando,0.280148552,0.430863409,0,0
159,Artocarpus nitidus,0.260668761,0.233061655,0,0
160,Artocarpus rigida,0,0.108061889,0,0
161,Artocarpus rigidus,0.504221612,0.713490462,0,0.01202336
162,Artocarpus sp. 04,0,0,0.018353623,0
163,Arytera littoralis,0.211188915,0.203712222,0,0
164,Asplenium bantamense,0.078544962,0,0,0
165,Asplenium glaucophyllum,0.234916908,0,0,0
166,Asplenium longissimum,0,0,0.373699384,0
167,Asplenium nidus,0.392044415,0.304570289,0.070090486,0
168,Asystasia gangetica,0,0.07944205,0.875,0.25
169,Atuna racemosa,0.048789288,0,0,0
170,Axonopus compressus,0,0.400019572,1,0.991646359
171,Baccaurea cf. velutina,0.109916908,0,0,0
172,Baccaurea deflexa,0.125,0,0,0
173,Baccaurea dulcis,0.3690504,0.12490616,0,0
174,Baccaurea javanica,0.301199581,0.108061889,0,0
175,Baccaurea lanceolata,0,0.108061889,0,0
176,Baccaurea macrocarpa,0.222156452,0.233060507,0,0.004378284
177,Baccaurea macrophylla,0.066633815,0,0,0
178,Baccaurea minor,0.337817713,0.124692861,0,0
179,Baccaurea mollis,0.402052451,0,0,0
180,Baccaurea parviflora,0.55783665,0,0.016674763,0
181,Baccaurea polyneura,0.368060468,0.108061889,0,0
182,Baccaurea pubera,0.342733104,0,0,0
183,Baccaurea pyriformis,0.541059639,0.233061841,0,0
184,Baccaurea reticulata,0.214230479,0,0,0
185,Baccaurea sp. 06,0,0.071620558,0,0
186,Baccaurea sumatrana,0.218713714,0,0,0
187,Balakata baccata,0,0.249991549,0,0.022893964
188,Barringtonia acutangula,0.048789288,0,0,0
189,Barringtonia gigantostachya,0,0.247714349,0,0
190,Barringtonia lanceolata,0.316226389,0,0,0
191,Barringtonia macrostachya,0.174383442,0.043309399,0,0
192,Barringtonia pendula,0.188462097,0.083963372,0,0
193,Barringtonia scortechinii,0.249996968,0.108061889,0,0
194,Bauhinia acuminata,0.089855286,0.230504424,0,0
195,Bauhinia bidentata,0.112293919,0.125,0,0
196,Bauhinia kockiana,0.066633815,0.358061889,0.235777936,0
197,Bauhinia semibifida,0.3555945,0.447755106,0.034013691,0.011424016
198,Bauhinia stipularis,0.248189593,0.124999998,0,0
199,Begonia cf. aberrans,0.119076068,0,0,0
200,Beilschmiedia madang,0.439069545,0,0,0
201,Beilschmiedia maingayi,0,0.125,0,0
202,Bellucia pentamera,0,0,0.056025116,0.027073404
203,Bhesa paniculata,0.453896852,0,0,0
204,Bhesa robusta,0.066227688,0.07944205,0,0
205,Blechnum orientale,0,0.318029398,0.030687512,0.137111775
206,Blechnum sp. 01,0,0,0,0.020564042
207,Blumeodendron tokbrai,0.089855286,0,0,0
208,Boesenbergia sp. 02,0.25,0.043309399,0,0
209,Bolbitis heteroclita,0.122239484,0,0,0
210,Botryophora geniculata,0.066633815,0.0686853,0,0
211,Bouea macrophylla,0.34756681,0,0,0
212,Breynia racemosa,0,0.376662266,0.477302685,0.673994946
213,Bridelia glauca,0,0.447833446,0.211082659,0.086001494
214,Bridelia insulana,0,0,0.014012749,0.014358797
215,Bridelia tomentosa,0,0.090124874,0,0.106660113
216,Bromheadia finlaysoniana,0.066227688,0,0,0
217,Buchanania sessilifolia,0.239242938,0.102217712,0,0
218,Burseraceae sp. 27,0.048789288,0,0,0
219,Burseraceae sp. 28,0.048789288,0,0,0
220,Burseraceae sp. 48,0.103556841,0,0,0
221,Byttneria curtisii,0.191633815,0.25,0,0.123081392
222,Byttneria reinwardtii,0.182092343,0,0,0
223,Caesalpinia sumatrana,0,0.125,0.095330014,0.122667208
224,Calamus aff. C. axillaris,0,0.124999242,0,0
225,Calamus aff. C. concinnus,0.097380085,0,0,0
226,Calamus aff. C. rugosus,0.173789288,0.240922657,0,0
227,Calamus aff. C. sarawakensis,0,0.108061889,0,0
228,Calamus arborescens,0.124974331,0,0,0
229,Calamus cf. conirostris,0.12498359,0,0,0
230,Calamus exilis,0.124783852,0,0,0
231,Calamus javensis,0,0.122714349,0,0
232,Calamus laxissimus,0.048789288,0,0,0
233,Calamus luridus,0.125,0,0,0
234,Calamus ornatus,0.228540431,0.122295416,0,0
235,Calamus oxleyanus,0,0.25,0,0
236,Calamus rugosus,0.125,0,0,0
237,Calamus sp. 01,0.249999995,0,0,0
238,Calamus sp. 03,0.125,0,0,0
239,Calamus sp. 08,0,0.043309399,0,0
240,Calamus sp. 10,0.097760742,0.124999481,0,0
241,Calamus sp. 12,0.173190746,0,0,0
242,Calamus sp. 13,0.112293919,0,0,0
243,Calamus sp. 14,0.066633815,0,0,0
244,Calamus sp. 15,0.066633815,0,0,0
245,Calamus sp. 18,0.097760742,0.0686853,0,0
246,Calamus sp. 21,0.078544962,0,0,0
247,Calamus sp. 22,0.048789288,0,0,0
248,Calamus sp. 27,0,0.072848046,0,0
249,Calamus sp. 28,0,0.12434677,0,0
250,Calamus sp. 29,0,0.103254743,0,0
251,Calamus sp. 30,0.256983506,0,0,0
252,Calamus sp. 31,0.388734181,0,0,0
253,Calamus sp. 33,0.475716354,0,0,0
254,Calamus sp. 34,0.379641519,0,0,0
255,Calamus sp. 35,0.218690565,0,0,0
256,Calamus sp. 40,0.112026463,0,0,0
257,Calamus tumidus,0.243955773,0,0,0
258,Callerya atropurpurea,0.261683754,0.507247495,0,0.011424016
259,Callerya vasta,0,0.118313124,0,0
260,Callicarpa cf. candicans,0,0,0,0.004981497
261,Callicarpa pentandra,0,0.043309399,0,0.006263422
262,Calophyllum pulcherrimum,0.499996904,0,0.043650679,0.01202336
263,Calophyllum soulattri,0.191121565,0,0,0
264,Calophyllum sp. 01,0.125,0,0,0
265,Calophyllum sp. 03,0.234916908,0,0,0.01202336
266,Calophyllum sp. 04,0.109916908,0,0,0
267,Calophyllum sp. 05,0,0.043309399,0,0
268,Calopogonium mucunoides,0,0,0.176618841,0.103612581
269,Campnosperma auriculatum,0,0.355000685,0,0
270,Canarium album,0.324842778,0.108061889,0,0
271,Canarium caudatum,0.124783852,0,0,0
272,Canarium cf. denticulatum,0,0.124692861,0,0
273,Canarium cf. gracile,0.125,0,0,0
274,Canarium cf. patentinervium ,0.109916908,0,0,0
275,Canarium dichotomum,0.066633815,0,0,0
276,Canarium hirsutum,0.103556841,0,0,0
277,Canarium littorale,0.676185366,0.372676335,0,0
278,Canarium megalanthum,0.156082975,0,0,0
279,Canarium pilosum,0.464862342,0.248428535,0,0
280,Canthium horridum,0.066227688,0.117294833,0.014012749,0
281,Capparis micracantha,0.12110259,0,0,0.006263422
282,Carallia brachiata,0.377487649,0.241052529,0.016674763,0
283,Caryota mitis,0.203544962,0.303234233,0,0
284,Casearia capitellata,0,0.152290095,0,0
285,Castanopsis acuminatissima,0.103556841,0,0,0
286,Castanopsis argentea,0.233355547,0,0,0
287,Castanopsis costata,0,0.07944205,0,0
288,Castanopsis inermis,0.066633815,0.053370335,0,0
289,Castanopsis javanica,0.139508305,0,0,0
290,Castanopsis schefferiana,0,0.103254743,0,0
291,Cathalsia sp. 01,0.119076068,0.071620558,0,0
292,Cayratia geniculata,0.45127726,0.434460796,0,0
293,Cayratia japonica,0.066633815,0,0,0
294,Cayratia mollissima,0,0.355694215,0,0
295,Centotheca lappacea,0.123714264,0.990936739,1,0.874999814
296,Centrosema pubescens,0,0,0.084570251,0.017867495
297,Cephalomappa malloticarpa,0.048789288,0.043309399,0,0
298,Champereia manillana,0.483576011,0.720892568,0.017520612,0.11916636
299,Chassalia curviflora,0.281082465,0.379038827,0.033624002,0
300,Chassalia sp. 01,0.048789288,0,0,0
301,Cheilocostus globosus,0,0.043309399,0,0
302,Cheilocostus speciosus,0.221628465,0,0,0
303,Chilocarpus cf. suaveolens,0.190726832,0,0,0
304,Chilocarpus costatus,0.096688666,0,0,0
305,Chionanthus curvicarpus,0.048789288,0.168309399,0,0
306,Chionanthus montanus,0.495712518,0,0,0
307,Chionanthus polygamus,0.124982035,0,0,0
308,Chionanthus sp. 02,0.103556841,0,0,0
309,Chisocheton ceramicus,0.112293919,0,0,0
310,Chisocheton patens,0.178521607,0,0,0
311,Chisocheton tomentosus,0.124674705,0,0,0
312,Chonemorpha fragrans,0.124375192,0,0,0
313,Chonemorpha verrucosa,0,0,0.016674763,0
314,Christella dentata,0,0.125,0.708258194,0.054250346
315,Christensenia aesculifolia,0.066633815,0,0,0
316,Chromolaena odorata,0,0,0.17073073,0.089565018
317,Chrysophyllum flexuosum,0.066227688,0,0,0
318,Cinnamomum iners,0.152045127,0.07944205,0,0
319,Cinnamomum porrectum,0,0.043309399,0,0
320,Cissus nodosa,0.048789288,0,0,0
321,Citrus nobilis,0,0,0.014012749,0
322,Claderia viridiflora,0.240133709,0,0,0
323,Claoxylon longifolium,0.048789288,0,0,0
324,Clausena excavata,0.112293919,0.244866057,0,0
325,Cleistanthus megacarpus,0.042128219,0,0,0
326,Cleome rutidosperma,0,0,0.124998725,0
327,Clerodendrum adenophysum ,0,0,0,0.006263422
328,Clerodendrum deflexum,0.233317264,0.527627865,0.034013691,0.056041928
329,Clerodendrum disparifolium,0,0.125,0,0
330,Clerodendrum laevifolium,0.623732892,0.249345777,0,0.051242835
331,Clerodendrum sp. 04,0,0.125,0,0
332,Clerodendrum sp. 09,0.167110254,0,0,0
333,Clerodendrum sp. 10,0,0,0,0.046325694
334,Clerodendrum villosum,0,0.125,0,0
335,Clibadium surinamense,0,0.125,0.149141799,0.1407247
336,Clidemia hirta,0.249121085,1,0.999998468,0.874511395
337,Climber 04,0.109916908,0,0,0
338,Climber 06,0,0.124981583,0,0
339,Climber 22,0,0.0686853,0,0
340,Climber 27,0,0.118963534,0.085250913,0.133173283
341,Climber 43,0.103556841,0,0,0
342,Climber 45,0.103556841,0,0,0
343,Climber 47,0.103556841,0,0,0
344,Climber 49,0.066227688,0,0,0
345,Clonostylis forbesii ,0.125,0,0,0
346,Cnestis palala,0.330497629,0,0,0
347,Coccinia sp. 01,0,0,0,0.008603741
348,Codonoboea hispida,0.097760742,0,0,0
349,Colysis sp. 01,0.12110259,0,0,0
350,Combretum latifolium,0.048789288,0,0,0
351,Combretum nigrescens,0.362680936,0.302094959,0,0
352,Combretum tetralophum,0,0,0,0.061137514
353,Commelina diffusa,0,0,0.095005639,0
354,Connarus semidecandrus,0.103556841,0.178063196,0,0
355,Connarus villosus,0.042128219,0,0,0
356,Coptosapelta flavescens,0.115133724,0,0,0.066987399
357,Corymborkis veratrifolia,0.097760742,0,0,0
358,Coscinium fenestratum,0.228556841,0,0,0
359,Crassocephalum crepidioides,0,0,0.10464231,0
360,Cratoxylum cochinchinense,0.239508916,0.124692861,0,0
361,Cratoxylum formosum,0,0.1119947,0.017520612,0.037755146
362,Cratoxylum sumatranum,0,0.483452127,0.076326995,0.160963168
363,Croton argyratus,0.595043546,0.277521917,0,0.004981497
364,Croton cascarilloides,0.066633815,0.238587349,0,0
365,Croton caudatus,0,0.125,0,0
366,Croton hirtus,0,0,0.765255488,0.131175479
367,Croton oblongus,0.191224657,0.125,0,0
368,Cryptocarya costata,0.048789288,0,0,0
369,Cryptocarya crassinervia,0.339852202,0,0,0
370,Cryptocarya densiflora,0.223105954,0,0,0
371,Cryptocarya ferrea,0.437019223,0,0,0
372,Cryptocarya pulchrinervia,0.446229616,0,0,0
373,Ctenolophon parvifolius,0.097380085,0,0,0
374,Cucurbitaceae sp. 04,0,0.043309399,0,0
375,Cyanthillium cinereum,0,0,0.151307845,0.008603741
376,Cyathocalyx sumatranus,0.12110259,0,0,0
377,Cyclea laxiflora,0,0,0,0.01202336
378,Cyclosorus heterocarpus,0,0.224642055,0,0
379,Cyclosorus megaphyllus,0.232749117,0,0,0
380,Cynanchum sp. 01,0,0.247805448,0.024300261,0.005848355
381,Cynanchum sp. 02,0,0.099642055,0,0.125
382,Cyperus diffusus,0,0,0.099903749,0
383,Cyperus haspan,0,0,0.10401087,0.016617257
384,Cyrtandra cf. reticosa,0.066633815,0,0,0
385,Cyrtandra pendula,0.123714264,0,0,0
386,Cyrtococcum oxyphyllum,0,0.125,0.266239599,0.291606416
387,Cyrtococcum patens,0,0.491250783,0.82511015,0.629660609
388,Dacryodes costata,0.214855286,0,0,0
389,Dacryodes laxa,0.282843599,0,0,0
390,Dacryodes rostrata,0.323211194,0.1936853,0,0
391,Dacryodes rugosa,0.590674574,0.07944205,0,0
392,Daemonorops hirsuta,0.369561043,0,0,0
393,Daemonorops micracantha,0.097760742,0,0,0
394,Daemonorops palembanica,0.211188915,0,0,0
395,Daemonorops sp. 01,0.222379576,0,0,0
396,Daemonorops sp. 02,0.103556841,0,0,0
397,Dalbergia junghuhnii,0,0.125,0.016674763,0.01202336
398,Dalbergia rostrata,0.158706196,0.099642055,0,0
399,Dalbergia stipulacea,0.572615224,0,0,0
400,Dasymaschalon dasymaschalum,0.042128219,0,0,0
401,Davallia denticulata,0,0.288405421,0.678978597,0.074210574
402,Davallia triphylla,0.066227688,0,0.124460058,0
403,Decaspermum cf. parviflorum,0,0,0,0.052124887
404,Dehaasia cf. membranacea,0,0.108061889,0,0
405,Dehaasia firma,0.115133724,0,0,0
406,Dehaasia incrassata,0.176144596,0.043309399,0,0
407,Dendrocnide sinuata,0.249465229,0,0,0
408,Dendrocnide stimulans,0,0.043309399,0,0
409,Dendrophthoe cf. pentandra,0.066227688,0,0,0
410,Derris amoena,0.238793175,0.124646803,0.031126224,0
411,Derris sp. 01,0,0,0,0.125
412,Dialium indum,0.131983506,0.072848046,0,0
413,Dialium platysepalum,0.108355908,0.124692861,0,0
414,Dianella ensifolia,0,0,0.215474947,0.023939808
415,Dichapetalum cf. rugosum ,0,0,0,0.006263422
416,Dichapetalum gelonioides,0.115423103,0.096679734,0.018353623,0.004981497
417,Dichapetalum sordidum,0.103556841,0,0,0
418,Dichapetalum timoriense,0.078544962,0.124999952,0.063911675,0
419,Dicoelia sumatrana,0.048789288,0.374989559,0,0
420,Dicranopteris linearis,0.066227688,0.875,0.71841336,0.393774343
421,Dictyoneura acuminata,0.176550723,0.07944205,0,0
422,Dillenia excelsa,0,0.053370335,0,0
423,Dillenia eximia,0.145685061,0.345338547,0,0
424,Dillenia indica,0.103556841,0,0,0
425,Dimocarpus longan,0,0.1119947,0,0
426,Diodella sarmentosa,0,0,0,0.206890521
427,Dioscorea bulbifera,0.097760742,0.083963372,0,0.037506436
428,Dioscorea cf. orbiculata,0.301714458,0.312648786,0.156126224,0.005848355
429,Dioscorea hispida,0,0,0.047594923,0
430,Dioscorea pyrifolia,0,0.499534012,0,0.005848355
431,Dioscorea salicifolia,0,0.233409659,0,0.023939808
432,Dioscorea sp. 07,0,0.072848046,0,0
433,Diospyros borneensis,0.278456205,0.125,0,0
434,Diospyros britannoborneensis,0.173622722,0.108061889,0,0
435,Diospyros coriacea,0.200616816,0,0,0
436,Diospyros daemona,0.103556841,0,0,0
437,Diospyros dictyoneura,0.103556841,0,0,0
438,Diospyros discocalyx,0.121333629,0,0,0
439,Diospyros frutescens,0.048789288,0.071620558,0,0
440,Diospyros javanica,0.156082975,0,0,0
441,Diospyros korthalsiana,0.178521607,0.125,0,0
442,Diospyros lanceifolia,0.339855286,0.197842569,0,0
443,Diospyros sp. 16,0.070065881,0,0,0
444,Diospyros sp. 17,0.089855286,0,0,0
445,Diospyros sumatrana,0.170190657,0,0,0
446,Diospyros truncata,0,0.124646803,0,0
447,Diospyros venosa,0.269288406,0.118313124,0,0
448,Diplazium cordifolium,0.114491343,0,0,0
449,Diplazium sp. 01,0.066633815,0,0,0
450,Diploclisia glaucescens,0,0,0,0.125
451,Dipterocarpaceae sp. 15,0.078544962,0.0686853,0,0
452,Dischidia lanceolata,0.097380085,0,0,0
453,Dischidia punctata,0.097380085,0,0,0
454,Discospermum abnorme,0.52511778,0.124646803,0,0
455,Dissochaeta affinis,0,0.053370335,0,0
456,Dissochaeta gracilis,0.123189593,0.350969092,0.283977875,0.037568899
457,Dissochaeta sp. 01,0,0.215124871,0,0
458,Dissochaeta sp. 02,0,0.118313124,0,0
459,Donax canniformis,0,0.071620558,0,0
460,Dracaena elliptica,0.350243094,0.373957276,0.11363323,0.031620138
461,Dracaena sp. 05,0,0.072848046,0,0
462,Dracaena sp. 07,0.122234409,0,0,0
463,Dracontomelon dao,0.271443906,0,0,0
464,Drepananthus biovulatus,0.078544962,0.108061889,0,0
465,Drepananthus carinatus,0.042128219,0.195562394,0.125,0
466,Drepananthus ramuliflorus,0.405118479,0.195562394,0,0
467,Drimycarpus luridus,0.125,0,0,0
468,Drynaria quercifolia,0.097760742,0.127272771,0,0.006263422
469,Drypetes longifolia,0.342818998,0,0,0
470,Durio excelsus,0.393663598,0,0,0
471,Durio zibethinus,0,0.192714245,0,0
472,Dyera costulata,0.271002807,0.305817063,0,0
473,Dysoxylum alliaceum,0.327939202,0.0686853,0,0
474,Dysoxylum arborescens,0.097760742,0.0686853,0,0
475,Dysoxylum cauliflorum,0.088590354,0,0,0
476,Dysoxylum densiflorum,0.226825695,0,0,0
477,Dysoxylum excelsum,0.39823075,0,0,0
478,Dysoxylum parasiticum ,0.103556841,0,0,0
479,Elaeis guineensis,0,0.083963372,0.999933731,0.06540046
480,Elaeocarpus acronodia,0,0,0.11363323,0
481,Elaeocarpus cf. oxypyren,0.097380085,0,0,0
482,Elaeocarpus floribundus,0,0.124646803,0,0
483,Elaeocarpus glaber,0,0.072848046,0,0
484,Elaeocarpus grandiflorus,0,0.108061889,0,0
485,Elaeocarpus mastersii,0.385742633,0.342532459,0,0
486,Elaeocarpus nitidus,0.273378756,0.103254743,0,0
487,Elaeocarpus petiolatus,0.066227688,0.122714349,0,0
488,Elaeocarpus salicifolius,0,0.072848046,0,0
489,Elaeocarpus serratus,0.097760742,0.238653029,0.085250913,0.022893964
490,Elaeocarpus sp. 11,0,0.118313124,0,0
491,Elaeocarpus sp. 13,0,0.123962752,0,0
492,Elaeocarpus stipularis,0.090917507,0.318332103,0.188100972,0.349916837
493,Elatostema parasiticum,0.125,0,0,0
494,Elatostema raapii,0.124401458,0,0,0
495,Elatostema sinuatum,0.125,0,0,0
496,Elatostema sp. 03,0.26977265,0,0,0
497,Elettaria cardamomum,0,0.115281939,0,0
498,Elettaria sp. 01,0,0.043309399,0,0
499,Elettaria sp. 02,0.25,0.043309399,0,0
500,Embelia parviflora,0.243065146,0.229288332,0,0
501,Embelia ribes,0.368065146,0.053370335,0,0
502,Endiandra cf. clavigera,0.048789288,0,0,0
503,Endiandra immersa,0.109916908,0,0,0
504,Endiandra rubescens,0.566073754,0.053370335,0,0
505,Endiandra sp. 05,0.145685061,0,0,0
506,Endiandra sp. 07,0,0.0686853,0,0
507,Endospermum diadenum,0.397540011,0.489901432,0.016674763,0.069727804
508,Enkleia malaccensis,0.191633774,0.361499792,0,0
509,Epigynum cf. ridleyi,0,0.124887201,0,0.07477612
510,Erycibe crassipes,0.109916908,0,0,0
511,Erycibe sp. 01,0.474514095,0,0,0
512,Erycibe sp. 02,0.114408153,0,0,0
513,Erycibe sumatrensis,0,0.125,0,0
514,Erycibe tomentosa,0.373626676,0.371121526,0.016674763,0.032721977
515,Erythroxylum cuneatum,0.103556841,0,0,0
516,Etlingera sp. 01,0,0.124791307,0,0
517,Etlingera sp. 02,0,0.125,0,0
518,Eulophia spectabilis,0,0.125,0,0.005848355
519,Euonymus cochinchinensis,0,0,0,0.01202336
520,Euonymus glaber,0,0.124202843,0,0
521,Euonymus japonicus,0.124225962,0,0,0
522,Euonymus sp. 02,0.125,0,0,0
523,Euphorbiaceae sp. 12,0,0,0.024300261,0
524,Euphorbiaceae sp. 24,0.096688666,0,0,0
525,Euphorbiaceae sp. 26,0,0,0.014012749,0
526,Euphorbiaceae sp. 29,0.042128219,0,0,0
527,Eurya acuminata,0.103556841,0,0,0.005848355
528,Eurycoma longifolia,0.592713285,0.355460142,0,0.01202336
529,Ewyckia cyanea,0.124375192,0,0,0
530,Exallage costata,0,0,0.059652232,0
531,Fabaceae sp. 21,0,0,0.047594923,0
532,Fabaceae sp. 53,0,0.0686853,0,0
533,Fagaceae sp. 01,0.125,0,0,0
534,Fagaceae sp. 02,0,0.043309399,0,0
535,Fagaceae sp. 04,0,0.0686853,0,0
536,Fagaceae sp. 05,0.048789288,0,0,0
537,Fagraea racemosa,0.097380085,0,0,0
538,Farn 24,0.066633815,0,0,0
539,Farn 36,0.103556841,0,0,0
540,Fibraurea darshanii,0.115133724,0.353240885,0,0
541,Fibraurea tinctoria,0.124375192,0,0,0
542,Ficus aurata,0,0,0.245115946,0.174156305
543,Ficus auriculata,0,0,0.047314194,0
544,Ficus chartacea,0,0.108409659,0,0
545,Ficus crassiramea,0.089855286,0.103254743,0,0
546,Ficus fulva,0,0.071620558,0,0
547,Ficus globosa,0.200784446,0.236023645,0,0
548,Ficus grossularioides,0.123555737,0.096679734,0.067950941,0.02834116
549,Ficus heteropleura,0.267570742,0.124999052,0,0.15754355
550,Ficus hirta,0,0.118313124,0,0
551,Ficus racemosa,0,0.103254743,0,0
552,Ficus ribes,0,0.124989559,0,0
553,Ficus sagittata,0.066633815,0.424088094,0,0
554,Ficus schwarzii,0,0.090124874,0,0
555,Ficus sp. 36,0,0.124999994,0,0
556,Ficus sp. 38,0.121333629,0,0,0
557,Ficus variegata,0.119076068,0.604934598,0.563268079,0.239053987
558,Ficus virens,0,0.053370335,0,0
559,Fimbristylis dichotoma,0,0,0.10401087,0.040574847
560,Fissistigma latifolium,0.471287513,0.124994524,0,0
561,Fissistigma manubriatum,0.510702024,0.295902363,0,0
562,Fissistigma sp. 01,0.248189593,0,0,0
563,Fissistigma sp. 02,0.125,0,0,0
564,Fissistigma sp. 05,0.109916908,0,0,0
565,Flagellaria indica,0,0,0.031126224,0
566,Fordia nivea,0.124990032,0.161622524,0.125,0
567,Fordia splendidissima,0,0,0.018125508,0
568,Fordia stipularis,0.249990032,0.25,0.076801412,0
569,Freycinetia angustifolia,0.089855286,0,0,0
570,Friesodielsia biglandulosa,0.723151982,0,0.047594923,0
571,Friesodielsia borneensis,0.096688666,0,0,0
572,Friesodielsia cuneiformis,0.066227688,0,0,0
573,Galearia aristifera,0,0.476864299,0,0.125
574,Galearia filiformis,0.192147195,0.1936853,0,0.13702336
575,Galearia fulva,0.365422747,0.271362045,0,0
576,Galearia maingayi,0.271002807,0,0,0
577,Ganophyllum falcatum,0.066227688,0,0,0
578,Garcinia atroviridis,0,0.108061889,0,0
579,Garcinia dioica,0.089855286,0,0,0
580,Garcinia gaudichaudii,0.585765859,0.108061889,0,0
581,Garcinia graminea,0.109916908,0.118313124,0,0
582,Garcinia griffithii,0,0.108061889,0,0
583,Garcinia macrophylla,0.376427293,0,0,0
584,Garcinia parvifolia,0.421247846,0.624623539,0,0
585,Garcinia rostrata,0.336682115,0,0,0
586,Garcinia sp. 04,0,0.124999052,0,0
587,Garcinia sp. 05,0,0.124646803,0,0
588,Garcinia sp. 06,0,0.125,0,0
589,Garcinia sp. 07,0,0.115281939,0,0
590,Garcinia sp. 16,0.123189593,0,0,0
591,Garcinia sp. 17,0.103556841,0,0,0
592,Garcinia sp. 18,0.089855286,0,0,0
593,Gardenia cf. forsteniana,0.125,0,0,0
594,Gardenia tubifera,0.212513809,0.344747908,0.082597888,0.022893964
595,Gigantochloa kuring,0,0.071620558,0,0
596,Gironniera hirta,0.473969093,0.636817804,0,0.01202336
597,Gironniera nervosa,0.816462615,0.293309351,0,0
598,Gironniera subaequalis,0.066633815,0.108061889,0,0
599,Globba leucantha,0,0.125,0,0
600,Globba pendula,0.124999644,0.178370335,0,0
601,Glochidion cf. leucocarpum,0,0,0,0.020564042
602,Glochidion lutescens,0,0.099642055,0,0
603,Glochidion philippicum,0,0.124728468,0,0.005848355
604,Glochidion rubrum,0.234916908,0,0,0
605,Glochidion sericeum,0,0,0.047594923,0.080370756
606,Glochidion sp. 25,0,0,0,0.037755146
607,Glochidion sp. 26,0,0,0,0.012214065
608,Glochidion sp. 27,0,0.0686853,0,0
609,Glochidion superbum,0.048789288,0.314933682,0,0
610,Glochidion zeylanicum,0,0.27801239,0,0
611,Gluta wallichii,0,0.124646803,0,0
612,Glycosmis pentaphylla,0.096688666,0.328712222,0,0
613,Gnetum cuspidatum,0.825641847,0.784300437,0.111087612,0.112783634
614,Gomphandra javanica,0.048789288,0,0,0
615,Gomphandra quadrifida,0.323431645,0.197829629,0,0
616,Gomphandra sp. 01,0,0.125,0,0
617,Gomphia serrata,0,0.132812384,0,0
618,Gomphostemma javanicum,0.11859961,0,0,0
619,Goniophlebium percussum,0,0.083963372,0.800006151,0
620,Goniothalamus costulatus,0,0.125,0,0
621,Goniothalamus macrophyllus,0.940316482,0.367952068,0,0
622,Goniothalamus malayanus,0.112026463,0,0,0
623,Gonocaryum gracile,0.749185309,0.318378161,0,0
624,Gonocaryum macrophyllum,0.066633815,0,0,0
625,Gonystylus acuminatus,0.109916908,0,0,0
626,Gonystylus affinis,0.125,0,0,0
627,Gonystylus forbesii,0.048789288,0,0,0
628,Gonystylus maingayi,0.224325061,0.053370335,0,0
629,Goodyera sp. 01,0,0.20444205,0,0
630,Gordonia oblongifolia,0.391663758,0.108409659,0,0
631,Grenacheria amentacea,0,0.124646803,0,0
632,Grewia laevigata,0.23985041,0.102217712,0,0
633,Grewia multiflora,0.096688666,0,0,0
634,Guioa multijuga,0.176550723,0,0,0
635,Gymnacranthera bancana,0.482287094,0.247361152,0,0
636,Gymnacranthera farquhariana,0.609154392,0.305817063,0.054504958,0
637,Gymnacranthera forbesii,0.103556841,0.108061889,0,0
638,Gynochthodes coriacea,0.218272815,0,0,0.049639412
639,Gynotroches axillaris,0.57950383,0.358368323,0.249673671,0.01806242
640,Hancea penangensis,0.103556841,0,0,0
641,Hanguana malayana,0.487173623,0,0,0
642,Helicia excelsa,0.492767509,0.308730381,0,0.020627101
643,Helicia fuscotomentosa,0.109916908,0,0,0
644,Helicia robusta,0,0.117294833,0,0
645,Helicia sp. 07,0.097380085,0,0,0
646,Helicia sp. 08,0,0.168309399,0,0
647,Helicia sp. 09,0.103556841,0,0.014012749,0
648,Heritiera sp. 03,0,0.0686853,0,0
649,Heritiera sumatrana,0.318412128,0.247714301,0,0
650,Heterosmilax micrantha,0,0.125,0,0
651,Hevea brasiliensis,0,1,0.086249112,0.995777007
652,Hiptage cf. sericea,0.066633815,0,0,0
653,Homalium caryophyllaceum,0.187561317,0,0,0
654,Homalium cf. foetidum,0,0.125,0,0
655,Homalomena cordata,0.190754901,0,0.014012749,0
656,Hopea beccariana,0.122234409,0,0,0
657,Hopea ferruginea,0.472377272,0,0,0
658,Hopea sangal,0.261233212,0,0,0
659,Hornstedtia cf. conica,0,0.118313124,0,0.006263422
660,Hornstedtia cf. elongata,0,0.247691813,0,0
661,Hornstedtia sp. 01,0,0.311435364,0,0
662,Hornstedtia sp. 02,0.066227688,0,0,0
663,Hornstedtia sp. 03,0,0.246143832,0.016674763,0.032721977
664,Hornstedtia tomentosa,0.097760742,0.124646803,0,0
665,Horsfieldia cf. fulva,0.234916908,0.0686853,0,0
666,Horsfieldia glabra,0.72189661,0,0,0
667,Horsfieldia grandis,0.313462097,0.118313124,0,0
668,Horsfieldia macrothyrsa,0.156489102,0,0,0
669,Horsfieldia polyspherula,0.176550723,0.07944205,0,0
670,Horsfieldia pulcherrima,0.249783852,0.07944205,0,0
671,Horsfieldia punctatifolia,0.103556841,0,0,0
672,Horsfieldia superba,0,0.07944205,0,0
673,Hugonia costata,0.316382694,0.124994524,0,0
674,Hunteria zeylanica,0.207677649,0,0,0
675,Hydnocarpus cf. sumatrana,0.301550723,0,0,0
676,Hydnocarpus cf. wrayi,0.078544962,0,0,0
677,Hydnocarpus polypetalus,0.048789288,0,0,0
678,Hypericaceae sp. 02,0.125,0,0,0
679,Hypserpa nitida,0.115133724,0,0.031126224,0
680,Hypserpa polyandra,0,0,0,0.01202336
681,Hyptis capitata,0,0,0.125,0.009765153
682,Ilex cymosa,0,0.043309399,0,0
683,Imperata cylindrica,0,0.125,0.238732813,0.624485595
684,Intsia sp. 01,0,0.124730115,0,0
685,Iodes cirrhosa,0,0.053370335,0,0.01202336
686,Ipomoea sumatrana,0,0,0.047594923,0
687,Irvingia malayana,0.191630784,0.108061889,0,0
688,Ixonanthes icosandra,0.103556841,0,0,0
689,Ixonanthes petiolaris,0.103556841,0.560092748,0,0.148939808
690,Ixora congesta,0.232749627,0.125,0,0
691,Ixora grandifolia,0.28882787,0,0,0.063464383
692,Ixora reticulata,0,0.33769799,0,0.01202336
693,Ixora salicifolia,0,0.108061889,0,0
694,Ixora sp. 08,0.097380085,0,0,0
695,Jasminum elongatum,0.121333629,0,0,0
696,Kadsura scandens,0,0.053370335,0,0
697,Kibara coriacea,0.048789288,0,0,0
698,Kibatalia maingayi,0.066227688,0.243313124,0,0
699,Knema cinerea,0.24298382,0.043309399,0,0
700,Knema furfuracea,0.048789288,0,0,0
701,Knema glaucescens,0.41102107,0,0,0
702,Knema latifolia,0.124721504,0.118313124,0,0
703,Knema laurina,0.298570415,0,0,0
704,Knema sp. 09,0.097380085,0,0,0
705,Kohautia cynanchica,0,0,0,0.011424016
706,Koilodepas brevipes,0.125,0,0,0
707,Kokoona ochracea,0.374860797,0,0,0
708,Koompassia malaccensis,0.70767008,0.385496077,0.018353623,0
709,Korthalsia robusta,0.374703731,0,0,0
710,Korthalsia sp. 03,0.124802163,0,0,0
711,Korthalsia sp. 04,0.097380085,0,0,0
712,Kunstleria ridleyi,0.86907604,0.249999998,0,0.01202336
713,Lagerstroemia speciosa,0.066633815,0.125,0,0.032721977
714,Lamiaceae sp. 07,0,0.043309399,0,0
715,Lamiaceae sp. 08,0,0.043309399,0,0
716,Lansium parasiticum ,0.103556841,0,0,0
717,Lantana camara,0,0,0.047375317,0.104822211
718,Lasianthus attenuatus,0.192147195,0.043309399,0,0
719,Lasianthus inaequalis,0.182101804,0,0,0
720,Lasianthus inodorus,0.26407159,0,0,0
721,Lasianthus reticulatus,0.185082857,0,0,0
722,Lasianthus stercorarius,0.368223947,0,0,0
723,Lasianthus sylvestris,0.125,0,0,0
724,Lasianthus tomentosus,0,0.125,0,0
725,Lasianthus verticillatus,0.124783852,0,0,0
726,Lauraceae sp. 07,0,0.118313124,0,0
727,Lauraceae sp. 16,0.048789288,0,0,0
728,Leea indica,0.124721504,0.319097079,0.07973318,0.026412398
729,Legazpia polygonoides,0,0,0.202073921,0
730,Lepisanthes tetraphylla,0,0.071620558,0,0
731,Leptaspis urceolata,0.374893693,0,0,0
732,Leptochilus cf. decurrens,0.161083207,0,0,0
733,Leptonychia caudata,0.249999644,0.37208962,0,0
734,Leptonychia heteroclita,0.490472664,0,0,0
735,Leuconotis eugeniifolia,0.203544962,0.233061889,0,0.01202336
736,Levieria sp. 01,0.240178659,0,0,0
737,Licuala spinosa,0.443704437,0,0,0
738,Limacia scandens,0.382627098,0.249995022,0.155687512,0.074888399
739,Lindera insignis,0.22579125,0.303017131,0,0
740,Lindera lucida,0,0.099642055,0,0
741,Lindernia crustacea,0,0,0.569584122,0.056322703
742,Lindernia diffusa,0,0.123556384,0.952069243,0.308186151
743,Lindsaea ensifolia,0.214230479,0.997783713,0.931571882,0.809298981
744,Lindsaea nitida,0.103556841,0,0,0
745,Lindsaea repens,0.066227688,0,0,0
746,Lithocarpus blumeanus,0.329991457,0.241027473,0,0
747,Lithocarpus cf. cantleyanus,0,0.0686853,0,0
748,Lithocarpus gracilis,0.182101804,0,0,0
749,Lithocarpus hystrix,0.189417281,0,0,0
750,Lithocarpus sp. 01,0.125,0,0,0
751,Lithocarpus sp. 04,0.125,0,0,0
752,Litsea aurea,0.066633815,0,0,0
753,Litsea castanea,0,0.108061889,0,0
754,Litsea cf. javanica,0,0.118313124,0,0
755,Litsea cubeba,0.230590316,0,0,0
756,Litsea elliptica,0.167128219,0.197848046,0,0.011424016
757,Litsea firma,0.601751127,0.211316632,0,0.004981497
758,Litsea forstenii,0.470605989,0,0,0
759,Litsea glutinosa,0.066633815,0,0,0
760,Litsea grandis,0.170190657,0.20667772,0,0
761,Litsea lanceolata,0.132861503,0,0,0
762,Litsea machilifolia,0.307777335,0,0,0
763,Litsea monopetala,0.097760742,0.043309399,0.047594923,0
764,Litsea noronhae,0.239491316,0.083963372,0,0
765,Litsea oppositifolia,0.43726694,0,0,0
766,Litsea resinosa,0.302106423,0,0,0
767,Litsea robusta,0.357746595,0.125,0,0
768,Litsea sp. 18,0.048789288,0,0,0
769,Litsea umbellata,0.249783852,0.124958901,0,0
770,Loganiaceae sp. 01,0,0.124999952,0,0
771,Lophatherum gracile,0,0.249981583,0,0
772,Lophopetalum beccarianum,0.125,0.0686853,0,0
773,Lophopetalum javanum,0.193412128,0,0,0
774,Lucinaea sp. 01,0.486849834,0.118963534,0,0
775,Ludwigia octovalvis,0,0,0.026455422,0.004981497
776,Lunasia amara,0.096688666,0,0,0
777,Luvunga eleutherandra,0.066633815,0.071620558,0,0
778,Luvunga motleyi,0,0.0686853,0,0
779,Luvunga sarmentosa,0.157145196,0,0,0
780,Lycopodiella cernua,0,0,0.373709475,0
781,Lygodium cf. longifolium,0,0.158810174,0,0
782,Lygodium circinatum,0,0.115281939,0.486595984,0.115453107
783,Lygodium flexuosum,0,0.053370335,0.305245418,0.006263422
784,Lygodium microphyllum,0,0,0.478241343,0.082558101
785,Lygodium salicifolium,0,0.268495208,0.367134247,0.154543106
786,Maasia glauca,0.312687831,0.072848046,0,0
787,Maasia hypoleuca,0.042128219,0,0,0
788,Maasia sumatrana,0.408600072,0,0,0
789,Macaranga bancana,0.096688666,0.980535487,0.153537112,0.409534384
790,Macaranga conifera,0.066633815,0.325668492,0,0.032721977
791,Macaranga gigantea,0.191633815,0.341471548,0.030687512,0.056900583
792,Macaranga heynei,0,0,0.090556538,0
793,Macaranga hosei,0,0.396325514,0.026455422,0.013585238
794,Macaranga hullettii,0.124996968,0,0,0.066109124
795,Macaranga hypoleuca,0.109916908,0.374646464,0,0.027875462
796,Macaranga javanica,0,0,0.063911675,0
797,Macaranga sumatrana,0.103556841,0.74477798,0,0
798,Macaranga trichocarpa,0.125,0,0.043878633,0.01202336
799,Madhuca motleyana,0.089855286,0,0,0
800,Madhuca penicillata,0.412415897,0.249863898,0,0
801,Madhuca sericea,0.124982035,0,0,0
802,Maesa ramentacea,0,0.237276658,0.34121455,0.225171938
803,Magnolia elegans,0.042128219,0,0,0
804,Mallotus macrostachyus,0,0.225698605,0,0.033846054
805,Mallotus mollissimus,0,0.072848046,0,0.005848355
806,Mallotus peltatus,0.125,0.249996216,0.034013691,0
807,Mallotus sp. 09,0,0,0.047594923,0
808,Malvaceae sp. 19,0,0.083963372,0,0
809,Mangifera caesia,0.089855286,0,0,0
810,Mangifera foetida,0.042128219,0.11593868,0,0.004981497
811,Mangifera laurina,0,0.043309399,0,0
812,Mangifera odorata,0.195065881,0,0,0
813,Mangifera torquenda,0.070065881,0,0,0
814,Mapania cuspidata,0.112293919,0,0,0
815,Mapania longiflora,0.247234409,0,0,0
816,Mapania sessilis ,0,0.125,0,0
817,Mapania tenuiscapa,0,0.311850709,0,0
818,Maranthaceae sp. 03,0.249986191,0,0,0
819,Marantodes pumilum,0.516106279,0.101495762,0,0
820,Marumia sp. 01,0,0.125,0,0
821,Mastixia rostrata,0.103556841,0,0,0
822,Meiogyne virgata,0.089855286,0,0,0
823,Melanochyla beccariana,0.089855286,0,0,0
824,Melanochyla tomentosa,0.042128219,0.108061889,0,0
825,Melanolepis multiglandulosa,0,0.0686853,0,0
826,Melastoma malabathricum,0,0.697817629,0.749999996,0.746174665
827,Meliaceae sp. 07,0,0.110119462,0,0
828,Meliaceae sp. 30,0.048789288,0,0,0
829,Meliaceae sp. 32,0.048789288,0,0,0
830,Meliaceae sp. 33,0.048789288,0,0,0
831,Meliaceae sp. 34,0.048789288,0,0,0
832,Meliaceae sp. 35,0.048789288,0,0,0
833,Melicope cf. triphylla,0,0.208437998,0,0
834,Melicope glabra,0.198617321,0.523766256,0.024300261,0
835,Melicope latifolia,0.115133724,0,0,0
836,Melodinus orientalis,0.066227688,0.124994524,0,0
837,Melodinus sp. 01,0.048789288,0,0,0
838,Memecylon edule,0.312561317,0,0,0
839,Memecylon garcinioides,0.103556841,0,0,0
840,Memecylon myrsinoides,0.461299992,0.043309399,0,0
841,Memecylon paniculatum,0.139508305,0,0,0
842,Menispermum glabrum,0.096688666,0,0,0
843,Merremia umbellata,0,0.071620558,0.047594923,0
844,Mezzettia parviflora,0.41190499,0,0,0
845,Microcos florida,0.190838881,0,0,0
846,Microcos henrici,0.066633815,0,0,0
847,Microcos hirsuta,0,0.178370335,0,0
848,Microcos paniculata,0.156082975,0.118313124,0,0
849,Microlepia cf. hancei,0,0,0.057924264,0
850,Microlepia speluncae,0,0,0.018125508,0
851,Micromelum minutum,0,0.110119462,0,0
852,Mikania micrantha,0.119076068,0,0.525051325,0.180948761
853,Millettia sericea,0,0.125,0.037503853,0
854,Millettia sp. 01,0,0,0,0.215176522
855,Mimosa pudica,0,0,0.093141294,0
856,Mischocarpus cf. sundaicus,0.109916908,0,0,0
857,Mischocarpus sumatranus,0,0.053370335,0,0
858,Mitrella kentii,0,0.411315385,0,0
859,Mitrephora sp. 02,0.048789288,0,0,0
860,Molineria latifolia,0.119076068,0.735649436,0.523203409,0.390373307
861,Morinda villosa,0,0.124981583,0,0
862,Mucuna biplicata,0.173659772,0.0686853,0,0
863,Musa sp. 02,0,0,0,0.035635431
864,Mussaenda frondosa,0.078544962,0.575648228,0.582413361,0.608653787
865,Mussaenda sp. 01,0,0,0.125,0
866,Myristica gigantea ,0.109916908,0,0,0
867,Myristica iners,0.577939813,0,0,0
868,Myristica maingayi,0,0.108061889,0,0
869,Myristica maxima,0.299167294,0,0,0
870,Myristica villosa,0.103556841,0,0,0
871,Myrtaceae sp. 03,0.125,0,0,0
872,Myrtaceae sp. 05,0.109916908,0,0,0
873,Myrtaceae sp. 06,0,0.118313124,0,0
874,Myrtaceae sp. 08,0.097760742,0,0,0
875,Myrtaceae sp. 09,0.097760742,0,0,0
876,Myrtaceae sp. 12,0.078544962,0,0,0
877,Myrtaceae sp. 22,0.048789288,0,0,0
878,Myrtaceae sp. 23,0.078544962,0,0,0
879,Myrtaceae sp. 24,0.048789288,0,0,0
880,Myrtaceae sp. 25,0.048789288,0,0,0
881,Nageia wallichiana,0.193412128,0,0,0
882,Nauclea cf. officinalis,0,0,0.106634374,0
883,Nauclea orientalis,0,0,0.083075945,0
884,Nauclea subdita,0.066633815,0.0686853,0.016674763,0.004981497
885,Neo-uvaria acuminatissima,0.351834083,0,0,0
886,Neolitsea cinnamomea,0,0.118313124,0,0
887,Neonauclea calycina,0,0.125,0,0
888,Neonauclea excelsa,0,0.043309399,0,0
889,Neoscortechinia kingii,0.623435589,0,0,0
890,Nephelium cuspidatum,0.572040877,0.186998424,0,0
891,Nephelium eriopetalum,0.042128219,0,0,0
892,Nephelium juglandifolium,0.066633815,0,0,0
893,Nephelium lappaceum,0.089855286,0.103254743,0,0
894,Nephelium laurinum,0.123189593,0,0,0
895,Nephelium mangayi,0,0.072848046,0,0
896,Nephelium mutabile,0.048789288,0.451496737,0,0
897,Nephelium rubescens,0.392149865,0,0,0
898,Nephelium subfalcatum,0.124974331,0.108061889,0,0
899,Nephrolepis biserrata,0,0.522857466,0.991042375,0.006263422
900,Nostolachma densiflora,0.115423103,0,0,0
901,Nothaphoebe umbelliflora,0.109916908,0,0,0
902,Ochanostachys amentacea,0.694221132,0.118313124,0,0
903,Ocotea beulahiae,0.103556841,0,0,0
904,Oldenlandia corymbosa,0,0,0.018353623,0
905,Oleaceae sp. 06,0.12110259,0.108061889,0,0
906,Oncosperma horridum,0.124972031,0,0,0
907,Ophioglossum pendulum,0,0,0.063759766,0
908,Ophioglossum reticulatum,0,0,0.047314194,0
909,Ophiorrhiza cf. avenis,0.125,0,0,0
910,Ophiorrhiza sp. 01,0.103556841,0,0,0
911,Orania sylvicola,0.103556841,0,0,0
912,Orchidantha cf. siamensis,0.123714264,0,0,0
913,Orchidee sp. 02,0.066633815,0,0,0
914,Orchidee sp. 03,0.066633815,0,0,0
915,Ormosia sumatrana,0,0.186998424,0,0
916,Orophea corymbosa,0.096688666,0,0,0
917,Orophea cumingiana,0.373544891,0,0,0
918,Orophea hexandra ,0.048789288,0,0,0
919,Orophea sp. 01,0,0.043309399,0,0
920,Orophea sp. 05,0.042128219,0,0,0
921,Otophora amoena,0.176305704,0,0,0
922,Ottochloa nodosa,0,0.624994524,0.726531557,0.761673909
923,Oxalis barrelieri,0,0.101495762,0.557734248,0.035184727
924,Oxyceros longiflorus,0,0.125,0,0
925,Oxyceros patulus,0,0.071620558,0,0
926,Palaquium gutta,0.42377983,0.422057209,0,0
927,Palaquium hexandrum,0.234916908,0,0,0
928,Palaquium obovatum,0.622969049,0,0,0
929,Palaquium ridleyi,0.173622722,0,0,0
930,Palaquium sumatranum,0.312837289,0,0,0
931,Pandanus sp. 06,0,0.125,0,0
932,Pandanus sp. 09,0.122239484,0,0,0
933,Pandanus sp. 13,0.103556841,0,0,0
934,Pandanus sp. 14,0.278005641,0,0,0
935,Pandanus sp. 15,0.097380085,0,0,0
936,Pandanus sp. 16,0.042128219,0,0,0
937,Panicum laxum,0.042128219,0.928362165,0.233908943,0.023939808
938,Panicum sp. 01,0,0.12499978,0,0
939,Paraderris elliptica,0,0.12499812,0,0
940,Parameria polyneura,0.089855286,0,0,0
941,Paramignya cf. scandens,0,0.090124874,0,0
942,Paramignya mindanaensis,0.122234409,0,0,0
943,Paranephelium cf. xestophyllum,0,0.170903012,0,0
944,Parartocarpus venenosa,0.167128219,0,0,0
945,Parashorea lucida,0.373189593,0,0,0
946,Parastemon urophyllus,0.089855286,0,0,0
947,Parinari sumatrana,0.156082975,0,0,0
948,Parishia insignis,0.125,0.118313124,0,0
949,Parkia speciosa,0.228556841,0.3517214,0,0.046393689
950,Parkia timoriana,0,0.043309399,0,0
951,Paropsia varecifomis,0.20294642,0.224219334,0,0.026788851
952,Parsonsia cf. alboflavescens,0,0,0,0.012214065
953,Paspalum conjugatum,0,0.122055635,0.281126224,0.299635261
954,Paspalum dilatatum,0,0.108061889,0.31044921,0.407847014
955,Payena acuminata,0.048789288,0,0,0
956,Payena leerii,0.253317135,0,0,0
957,Pellacalyx axillaris,0,0,0.043878633,0
958,Pellacalyx lobbii,0.396000115,0.573848533,0.082597888,0
959,Peltophorum pterocarpum,0,0.1119947,0,0
960,Pentace borneensis,0.125,0,0,0.058974918
961,Pentace triptera,0.112293919,0,0,0
962,Pericampylus glaucus,0,0.344512545,0,0
963,Pericopsis mooniana,0.370224376,0.125,0,0
964,Peronema canescens,0,0.115281939,0,0
965,Persea rimosa,0,0.118313124,0,0
966,Pertusadina eurhyncha,0.214230479,0.204088853,0,0
967,Petrea sp. 01,0.103556841,0.125,0,0
968,Phaeanthus splendens,0.188467173,0.167512242,0,0
969,Phoebe elliptica,0.193412128,0.202276496,0.026455422,0
970,Phoebe grandis,0.550145529,0.108061889,0,0
971,Phoebe sp. 02,0.115133724,0,0,0
972,Phrynium pubinerve,0.119076068,0,0,0
973,Phyllanthaceae sp. 14,0.048789288,0,0,0
974,Phyllanthaceae sp. 15,0.048789288,0,0,0
975,Phyllanthaceae sp. 35,0.042128219,0,0,0
976,Phyllanthus oxyphyllus,0.364485316,0.62499996,0.119658711,0.106660113
977,Phyllanthus urinaria,0,0,0.879104453,0.260385811
978,Phytocrene macrophylla,0,0.132812384,0,0
979,Pimelodendron amboinicum,0.066227688,0,0,0
980,Pimelodendron griffithianum,0.406596921,0,0,0
981,Pimelodendron zoanthogyne,0.25,0,0,0
982,Pinanga cf. grandis,0.089855286,0,0,0
983,Pinanga limosa,0.403566587,0,0,0
984,Pinanga malaiana,0.066227688,0,0,0
985,Piper baccatum,0.167100251,0.23981606,0,0
986,Piper caninum,0.17357314,0.102217712,0,0
987,Piper cf. bantamense,0.123714264,0,0,0
988,Piper coactile,0,0.226180464,0,0
989,Piper malamiri,0.109916908,0,0,0
990,Piper sp. 12,0,0.124991944,0,0
991,Piper sp. 13,0.103556841,0,0,0
992,Piper ungaramense,0.347416761,0,0,0
993,Piper venosum,0.249999394,0,0,0
994,Piriqueta racemosa,0,0,0.037503853,0
995,Planchonella duclitan,0.281033447,0.329022111,0,0
996,Planchonella maingayi,0,0.118313124,0,0
997,Planchonella obovata,0,0.108061889,0,0
998,Planchonella sp. 01,0,0.124646803,0,0
999,Planchonia valida,0,0,0,0.021807354
1000,Platycerium coronarium,0,0.053370335,0,0
1001,Plectronia sp. 01,0,0.125,0,0
1002,Plectronia sp. 02,0.048789288,0,0,0
1003,Plocoglottis javanica,0.122141824,0,0,0
1004,Poaceae sp. 27,0,0.0686853,0,0
1005,Poikilospermum suaveolens,0.097760742,0,0,0
1006,Polyalthia cauliflora,0,0.108061889,0,0
1007,Polyalthia lateriflora,0.475593499,0,0,0
1008,Polyalthia microtus,0.124987013,0.125,0,0
1009,Polyalthia obliqua,0.243960857,0.178370335,0.014012749,0
1010,Polyalthia rumphii,0.203526997,0,0,0
1011,Polyaltia sp. 02,0.109916908,0,0,0
1012,Polygala paniculata,0,0,0.43470596,0
1013,Polyosma illicifolia,0.042128219,0,0,0
1014,Polyscias diversifolia,0.097760742,0,0,0
1015,Polyscias elliptica,0,0.122714349,0,0
1016,Pometia pinnata,0.334348709,0.373014551,0,0
1017,Pongamia pinnata,0.103556841,0,0,0
1018,Popowia hirta,0.089855286,0,0,0
1019,Popowia pisocarpa,0.514132605,0.233061889,0,0
1020,Porterandia anisophylla,0.800160638,0.748556286,0.201725452,0.2431091
1021,Pothos wallichii,0.249375192,0,0,0
1022,Pouteria malaccensis,0.494556724,0.366027473,0,0.147893964
1023,Prainea limpato ,0.048789288,0,0,0
1024,Primulaceae sp. 07,0.048789288,0,0,0
1025,Pronephrium triphyllum,0,0,0.042653885,0
1026,Prunus arborea,0.386073589,0.118654289,0,0
1027,Prunus cf. grisea,0.191633815,0,0,0
1028,Prunus polystachya,0.213590354,0.24093868,0,0
1029,Pseudoclausena chrysogyne,0.455997665,0,0,0
1030,Pseuduvaria reticulata,0.089855286,0,0,0
1031,Psidium guajava,0,0,0.101358251,0
1032,Psychotria cf. maingayi,0,0.248961804,0,0
1033,Psychotria laxiflora,0.048789288,0,0,0
1034,Psychotria leucocarpa,0.640252226,0,0,0
1035,Psychotria malayana,0.096688666,0.118313124,0,0
1036,Psychotria penangensis,0.097760742,0,0,0
1037,Psychotria robusta,0,0.125,0,0
1038,Psychotria rostrata,0.278830278,0.236301697,0,0
1039,Psychotria sp. 15,0.048789288,0,0,0
1040,Psychotria sp. 16,0.066227688,0,0,0
1041,Psychotria sp. 17,0.066633815,0,0,0
1042,Psychotria viridiflora,0.612138182,0.99903668,0.014012749,0.130780316
1043,Psychotria viridis,0.121333629,0,0,0
1044,Pterisanthes cf. heterantha,0.301643525,0.125,0,0
1045,Pterisanthes eriopoda,0.167128219,0.124999952,0,0
1046,Pterisanthes polita,0.115133724,0,0,0
1047,Pternandra azurea,0,0.043309399,0,0.124995571
1048,Pternandra caerulescens,0.462843008,0.432695845,0.077073921,0
1049,Pternandra sp. 07,0.493039979,0,0,0
1050,Pterocarpus indicus,0.118909111,0,0,0
1051,Pterocymbium tubulatum,0.173190746,0.185207907,0,0
1052,Pterospermum subpeltatum,0.066633815,0.113587349,0,0
1053,Ptychopyxis bacciformis,0.125,0,0,0
1054,Ptychopyxis costata,0.089855286,0.108061889,0,0
1055,Pycnarrhena cauliflora,0.066227688,0,0,0
1056,Pycnarrhena tumefacta,0,0.125,0,0
1057,Pycreus polystachyos,0,0,0,0.046393689
1058,Pyrrosia piloselloides,0,0.108061889,0,0.023238507
1059,Quercus argentata,0.159921167,0,0,0
1060,Quercus lineata,0.089855286,0,0,0
1061,Rhamnaceae sp. 01,0.27194763,0,0,0
1062,Rhaphidophora foraminifera,0.125,0,0,0
1063,Rhaphidophora sp. 01,0,0.249981583,0,0
1064,Rhaphidophora sp. 02,0.066633815,0,0,0
1065,Rhaphidophora sylvestris,0.413322125,0,0,0
1066,Rhaphidophora versteegii,0.166503412,0,0,0
1067,Rhodamnia cinerea,0.458764312,0.305817063,0.076465267,0.263011549
1068,Rhynchospora colorata,0,0,0.125,0
1069,Rhynchospora corymbosa,0,0.099642055,0.017520612,0.006263422
1070,Rinorea anguifera,0.374993972,0.125,0.058775684,0
1071,Rinorea cf. sclerocarpa,0.25,0,0,0
1072,Rolandra fructiosa,0,0.125,0.367810932,0.134765038
1073,Rothmannia macrophylla,0.673474645,0.493143634,0.017520612,0
1074,Rourea asplenifolia,0.406254796,0.053370335,0.018125508,0
1075,Rourea mimosoides,0.286037323,0.243313124,0,0
1076,Rourea minor,0.271002807,0,0,0
1077,Roureopsis emarginata,0.539621058,0.372713401,0,0
1078,Rubiaceae sp. 100,0.103556841,0,0,0
1079,Rubiaceae sp. 102,0.103556841,0,0,0
1080,Rubiaceae sp. 105,0.089855286,0,0,0
1081,Rubiaceae sp. 109,0.066227688,0,0,0
1082,Rubiaceae sp. 112,0.066227688,0,0,0
1083,Rubiaceae sp. 17,0.249999995,0,0,0
1084,Rubiaceae sp. 30,0,0,0.024300261,0
1085,Rubiaceae sp. 43,0,0.125,0,0
1086,Rubiaceae sp. 60,0.097760742,0,0,0
1087,Rubiaceae sp. 68,0.048789288,0,0,0
1088,Rubiaceae sp. 80,0.048789288,0,0,0
1089,Rubiaceae sp. 81,0,0,0,0.01202336
1090,Rubiaceae sp. 88,0,0.108409659,0,0
1091,Rubiaceae sp. 91,0,0.072848046,0,0
1092,Rubiaceae sp. 93,0,0,0,0.005848355
1093,Rubiaceae sp. 97,0.103556841,0,0,0
1094,Rubiaceae sp. 99,0.103556841,0,0,0
1095,Rutaceae sp. 11,0.048789288,0,0,0
1096,Rutaceae sp. 19,0.070065881,0,0,0
1097,Ryparosa acuminata,0.124955551,0,0,0
1098,Ryparosa caesia,0,0.125,0,0
1099,Ryparosa cf. hirsuta,0.097380085,0,0,0
1100,Ryparosa cf. scortechinii,0.109916908,0,0,0
1101,Ryparosajavanica,0.125,0,0,0
1102,Salacia korthalsiana,0.45892141,0.233409659,0,0
1103,Salacia miqueliana,0.078544962,0,0,0
1104,Salomonia cantoniensis,0,0,0.024300261,0
1105,Sandoricum koetjape,0.242201416,0.124646803,0,0
1106,Santiria apiculata,0.770775886,0.197848046,0,0
1107,Santiria griffithii,0.674813033,0.333291725,0,0
1108,Santiria laevigata,0.711624997,0.124981583,0,0
1109,Santiria oblongifolia,0.461065763,0.204423633,0,0
1110,Santiria rubiginosa,0.249974331,0,0,0
1111,Santiria tomentosa,0.533731181,0.197755174,0,0
1112,Sapindaceae sp. 27,0.066227688,0,0,0
1113,Sapindaceae sp. 31,0.042128219,0,0,0
1114,Saprosma arboreum,0.114491343,0,0,0
1115,Saprosma cf. scortechinii,0,0.224642055,0,0
1116,Saprosma sp. 01,0,0.118313124,0,0
1117,Saraca declinata,0.114491343,0.214923994,0.014012749,0
1118,Sarcandra glabra,0.107749627,0,0,0
1119,Sarcostigma kleinii,0.344564347,0,0,0
1120,Sarcotheca diversifolia,0.40721831,0,0,0
1121,Saurauia cf. javanica,0.066633815,0,0,0
1122,Saurauia cf. tristyla,0.097760742,0.090124874,0,0
1123,Scaphium affine,0.749862096,0.20444205,0,0
1124,Scaphium linearicarpum,0.270685061,0,0,0
1125,Scaphium macropodum,0.066633815,0.0686853,0,0
1126,Scaphochlamys sp. 01,0,0.125,0,0
1127,Schisandra elongata,0.125,0,0,0
1128,Schismatoglottis calyptrata,0.249999959,0,0,0
1129,Schizaea dichotoma,0,0.122691813,0,0
1130,Schizaea digitata,0.167128219,0,0,0
1131,Schizaea malaccana,0.145685061,0.118313124,0,0
1132,Schizostachyum brachycladum,0,0.115281939,0,0
1133,Scindapsus hederaceus,0.521753286,0.115281939,0,0
1134,Scindapsus sp. 05,0.078544962,0,0,0
1135,Scleria ciliaris,0.188556482,0.999679309,0.53360296,0.866735147
1136,Scleria sumatrensis,0,0,0.249999985,0.37474042
1137,Scolopia spinosa,0.048789288,0.249907468,0,0
1138,Scoparia dulcis,0,0,0.043878633,0
1139,Scopellaria marginata,0.048789288,0,0,0
1140,Seedling 04,0.125,0,0,0
1141,Seedling 08,0.109916908,0,0,0
1142,Seedling 16,0,0.0686853,0,0
1143,Seedling 17,0,0.0686853,0,0
1144,Seedling 19,0.048789288,0,0,0
1145,Seedling 21,0.048789288,0,0,0
1146,Seedling 22,0.078544962,0,0,0
1147,Seedling 23,0.114491343,0,0,0
1148,Seedling 24,0.096688666,0,0,0
1149,Seedling 25,0.048789288,0,0,0
1150,Seedling 27,0,0,0,0.022893964
1151,Seedling 28,0,0.07944205,0,0
1152,Seedling 29,0,0.072848046,0,0
1153,Seedling 32,0.121333629,0,0,0
1154,Seedling 33,0.121333629,0,0,0
1155,Seedling 36,0.124939644,0,0,0
1156,Seedling 39,0.089855286,0,0,0
1157,Selaginella frondosa,0.25,0,0,0
1158,Selaginella intermedia,0.374225962,0,0.345005353,0.026638641
1159,Selaginella plana,0,0.249999998,0,0
1160,Selaginella sp. 04,0,0.125,0,0
1161,Selaginella sp. 06,0.122141824,0,0,0
1162,Semecarpus caesia,0.066227688,0.249958901,0,0
1163,Semecarpus heterophylla,0,0.043309399,0,0
1164,Semecarpus sp. 01,0.121333629,0,0,0
1165,Setaria sp. 01,0,0,0.026455422,0.087903984
1166,Shorea acuminata,0.722919632,0,0,0
1167,Shorea bracteata,0.324772194,0,0,0
1168,Shorea bracteolata,0.189823408,0,0,0
1169,Shorea ovalis,0.585394948,0.125,0,0
1170,Shorea parvifolia,0.780978606,0,0,0
1171,Shorea pauciflora,0.112026463,0,0,0
1172,Shorea singkawang,0.249996968,0,0,0
1173,Sida rhombifolia,0,0,0.095005639,0
1174,Sindora coriacea,0.194849732,0,0,0
1175,Sindora leiocarpa,0.218272815,0,0,0
1176,Sindora wallichii,0.288756446,0,0,0
1177,Smilax calophylla,0.575397475,0.124692861,0,0
1178,Smilax cf. lanceifolia,0,0.125,0,0
1179,Smilax cf. zeylanica,0,0.108409659,0,0
1180,Smilax setosa,0.125,0.072848046,0,0
1181,Smilax sp. 09,0,0.0686853,0,0
1182,Solanum jamaicense,0,0,0.255178318,0.041789838
1183,Sonerila heterostema,0,0,0.047594923,0
1184,Spatholobus ferrugineus,0.499999986,0.822231259,0.031126224,0.091527343
1185,Spatholobus gyrocarpus,0.373189593,0.595523345,0,0.01202336
1186,Spatholobus littoralis,0.190902393,0.318685241,0.018353623,0
1187,Spatholobus macropterus,0.624953109,0.125,0,0
1188,Spermacoce alata,0,0.12499826,1,0.294179852
1189,Spermacoce cristata,0.042128219,0.07944205,0.151419879,0.041607069
1190,Spermacoce exilis,0,0,0.777144879,0.014358797
1191,Spermacoce laevis,0,0,0.373542553,0.112482166
1192,Spermacoce ocymifolia,0,0,0.124998893,0
1193,Spermacoce ocymoides,0,0,0.124229079,0
1194,Sphaerostephanos sp. 01,0,0,0,0.014358797
1195,Stachytarpheta indica,0,0,0.659634905,0.077590906
1196,Staurogyne elongata,0,0.125,0,0
1197,Staurogyne setigera,0,0.124911252,0.018353623,0.073978134
1198,Stemona javanica,0.097380085,0,0,0.041607069
1199,Stemonurus secundiflorus,0.16578767,0,0,0
1200,Stenochlaena palustris,0.125,0.746616188,0.38752929,0.258261713
1201,Stephania corymbosa,0.048789288,0.102217712,0,0.004981497
1202,Sterculia cf. cordata,0.089855286,0,0,0
1203,Sterculia coccinea,0.243284303,0,0,0
1204,Sterculia lanceolata,0.587199085,0.371442877,0,0
1205,Sterculia macrophylla,0.115423103,0,0,0
1206,Sterculia megistophylla,0.158706196,0,0,0
1207,Sterculia oblongata,0.103556841,0,0,0
1208,Sterculia parvifolia,0.125,0,0,0
1209,Sterculia rubiginosa,0.248189593,0.108409659,0,0
1210,Streblosa polyantha,0.124972031,0,0,0
1211,Streblosa tortilis,0.124990032,0,0,0
1212,Streblus asper,0.103556841,0,0,0
1213,Streblus elongatus ,0,0.25,0,0
1214,Strombosia ceylanica,0.678701944,0,0,0
1215,Strychnos ignatii,0.548015247,0,0,0
1216,Styrax benzoin,0,0.168308452,0,0
1217,Styrax paralleloneuron,0.066633815,0.053370335,0,0
1218,Suregada cf. glomerulata,0,0.125,0,0
1219,Suregada cf. multiflora,0,0.043309399,0,0
1220,Symplocos cochinchinensis,0,0,0,0.035963168
1221,Symplocos fasciculata,0,0.347280495,0.125,0
1222,Symplocos ophirensis,0,0,0.123969765,0.023939808
1223,Symplocos sp. 09,0,0,0,0.01202336
1224,Synedrella nodiflora,0,0,0.119334611,0.076017843
1225,Syzygium acuminatissimum,0.624996418,0.475835427,0,0.005848355
1226,Syzygium aemulum,0,0.072848046,0,0
1227,Syzygium cf. borneense,0.125,0.239928742,0,0
1228,Syzygium cf. confertum,0.066227688,0,0,0
1229,Syzygium chloranthum,0.33593635,0.23336856,0,0
1230,Syzygium claviflorum,0,0.108061889,0,0.01202336
1231,Syzygium creaghii,0.048789288,0.228249267,0,0
1232,Syzygium euneuron,0.486908543,0,0,0
1233,Syzygium fastigiatum,0.115133724,0,0,0
1234,Syzygium filiforme,0,0.122714349,0,0
1235,Syzygium glabratum,0.407366281,0,0,0
1236,Syzygium hemsleyanum,0,0,0.054504958,0
1237,Syzygium hirtum,0.249060729,0,0,0
1238,Syzygium laxiflorum,0.125,0,0,0
1239,Syzygium leptostemon,0,0,0.014012749,0.018769951
1240,Syzygium lineatum,0.350871189,0.197848046,0,0
1241,Syzygium maingayi,0.042128219,0.108061889,0,0
1242,Syzygium palembanicum,0.218272815,0.443174077,0,0.246285353
1243,Syzygium paludosum,0.103556841,0,0,0
1244,Syzygium polyanthum,0.308569001,0,0,0
1245,Syzygium pseudoformosum,0.089855286,0,0,0
1246,Syzygium racemosum,0.118909111,0,0.077073921,0
1247,Syzygium rostratum,0.103556841,0,0,0
1248,Syzygium sp. 02,0.125,0.125,0,0
1249,Syzygium sp. 03,0.125,0,0,0
1250,Syzygium sp. 06,0.123189593,0,0,0
1251,Syzygium sp. 07,0.109916908,0,0,0
1252,Syzygium sp. 08,0.109916908,0,0,0
1253,Syzygium sp. 09,0.109916908,0,0,0
1254,Syzygium sp. 10,0.109916908,0,0,0
1255,Syzygium sp. 11,0.124996968,0,0,0
1256,Syzygium sp. 13,0.124999958,0,0,0
1257,Syzygium sp. 18,0,0.124999998,0,0
1258,Syzygium sp. 21,0,0.125,0,0
1259,Syzygium sp. 22,0,0.043309399,0,0
1260,Syzygium sp. 23,0,0.043309399,0,0
1261,Syzygium sp. 24,0,0.071620558,0,0
1262,Syzygium sp. 25,0,0.166001212,0,0
1263,Syzygium sp. 26,0,0.043309399,0,0
1264,Syzygium sp. 27,0.066633815,0,0,0
1265,Syzygium sp. 28,0,0.0686853,0,0
1266,Syzygium sp. 33,0.103556841,0,0,0
1267,Syzygium sp. 34,0,0.07944205,0,0
1268,Syzygium sp. 35,0,0.07944205,0,0
1269,Syzygium splendens,0.402902073,0,0,0
1270,Syzygium tetrapterum,0.728466284,0.122714349,0,0
1271,Tabernaemontana macrocarpa,0.173510792,0.125,0,0
1272,Tabernaemontana pandacaqui,0.066227688,0,0,0
1273,Tabernaemontana pauciflora,0.388716301,0.622764342,0.046876046,0.217978695
1274,Tacca bibracteata,0.22155915,0.102217712,0,0
1275,Taeniochlaena acutipetala,0,0.122714349,0,0
1276,Taenitis blechnoides,0.624999933,0.958963372,0.839875125,0.326213548
1277,Tarenna mollis,0.103556841,0,0,0
1278,Tarlmounia elliptica,0.112293919,0.240281939,0,0
1279,Tectaria barberi,0.125,0,0,0.005848355
1280,Tectaria sp. 01,0.125,0,0,0
1281,Teijsmanniodendron coriaceum,0.395241288,0,0,0
1282,Telosma accedens,0.103556841,0,0,0
1283,Teratophyllum cf. ludens,0.123189593,0,0,0
1284,Terminalia bellirica,0.066633815,0,0,0
1285,Terminalia foetidissima,0.089855286,0.07944205,0,0
1286,Terminalia oblonga,0.103556841,0,0,0
1287,Terminalia sp. 03,0.066227688,0,0,0
1288,Terminalia subspathulata,0,0.071620558,0,0
1289,Tetracera akara,0.305438591,0.293123308,0,0
1290,Tetracera indica,0.350871545,0.525019625,0,0.020564042
1291,Tetracera scandens,0.870624018,0.618654289,0,0
1292,Tetractomia tetrandra,0.332920432,0.118313124,0,0
1293,Tetrameles nudiflora,0.097760742,0,0,0
1294,Tetrastigma papillosum,0,0.215124874,0,0
1295,Thottea cf. tricornis,0,0.244808337,0,0
1296,Timonius cf. esherianus,0.078544962,0,0,0
1297,Timonius flavescens,0.193412128,0.534183625,0.068502533,0.075018851
1298,Timonius wallichianus,0.089855286,0.447348834,0,0.022893964
1299,Tinomiscium petiolare,0.21585076,0.484251241,0,0.016739654
1300,Tinospora glabra,0.066633815,0,0,0
1301,Torenia violacea,0,0,0.351556754,0.027618376
1302,Toxocarpus villosus,0.124465242,0,0,0
1303,Tree 63,0.125,0,0,0
1304,Tree 64,0.048789288,0,0,0
1305,Tree 66,0.048789288,0,0,0
1306,Tree 68,0.048789288,0,0,0
1307,Tree 69,0.048789288,0,0,0
1308,Tree 70,0.078544962,0,0,0
1309,Tree 71,0.048789288,0,0,0
1310,Tree 72,0.048789288,0,0,0
1311,Tree 73,0.048789288,0,0,0
1312,Tree 80,0,0.072848046,0,0
1313,Trema orientalis,0,0,0,0.017867495
1314,Trema tomentosa,0,0.07944205,0.204688735,0.046685883
1315,Trevesia burckii,0.122627228,0,0,0
1316,Trichospermum kurzii,0,0,0.043650679,0
1317,Trigoniastrum hypoleucum,0.124893876,0.125,0,0
1318,Trigonopleura malayana,0.156489102,0,0,0
1319,Triomma malaccensis,0.089855286,0,0,0
1320,Tristaniopsis sp. 01,0.066227688,0,0,0
1321,Trivalvaria macrophylla,0.097760742,0.117294833,0,0.004981497
1322,Turpinia cf. brachypetala,0,0.099642055,0,0
1323,Tylophora cissoides,0.048789288,0,0,0
1324,Uncaria acida,0,0.072848046,0,0
1325,Uncaria elliptica,0.156082975,0,0,0.020564042
1326,Uncaria gambir,0.066633815,0.355307824,0.059652232,0.064134912
1327,Uncaria lanosa,0,0,0.267764202,0.037525047
1328,Uncaria sp. 08,0.048789288,0,0,0
1329,Urceola cf. brachysepala,0,0.043309399,0,0
1330,Urceola sp. 01,0.107749627,0,0,0
1331,Urceola sp. 02,0,0.111540891,0,0
1332,Urceola sp. 03,0,0.124958901,0,0
1333,Urena lobata,0,0.122805448,0.10845702,0.1635002
1334,Urochloa sp. 01,0,0,0.124811425,0
1335,Urophyllum arboreum,0,0,0.203245493,0
1336,Urophyllum corymbosum,0.327877223,0,0.026455422,0
1337,Urophyllum sp. 11,0.066227688,0,0,0
1338,Urophyllum trifurcum,0.119076068,0.110119462,0,0
1339,Uvaria cuneifolia,0,0.072848046,0,0
1340,Uvaria excelsa,0.123189593,0.495300586,0,0
1341,Uvaria grandiflora,0,0.053370335,0,0
1342,Uvaria hirsuta,0.350524048,0.415936525,0,0
1343,Uvaria littoralis,0.124999915,0,0,0
1344,Uvaria lobbiana,0.235849656,0.142951455,0,0
1345,Uvaria sp. 01,0.332439108,0.241157445,0,0.008603741
1346,Ventilago malaccensis,0.5,0.470338547,0.043650679,0.01202336
1347,Ventilago oblongifolia,0.181361412,0,0,0
1348,Vernonia arborea,0,0.103254743,0,0.028831321
1349,Vitaceae sp. 25,0.078544962,0,0,0
1350,Vitex pinnata,0,0.099642055,0.2178516,0.320042499
1351,Vitex quinata,0.205510369,0.071620558,0,0
1352,Vitex vestita,0,0.249895084,0,0.016739654
1353,Vittaria elongata,0,0,0.799278832,0
1354,Vittaria ensiformis,0,0.125,0.874869197,0
1355,Willughbeia angustifolia,0.108355908,0,0,0
1356,Willughbeia beccariana,0,0.118313124,0,0
1357,Willughbeia coriacea,0.614359631,0,0,0
1358,Willughbeia tenuiflora,0.156082975,0,0,0
1359,Wrightia laevis,0.048789288,0,0,0
1360,Xanthophyllum cf. arnottianum,0,0.07944205,0,0
1361,Xanthophyllum eurhynchum,0.411037289,0,0,0
1362,Xanthophyllum flavescens,0.417009251,0,0,0.023939808
1363,Xanthophyllum korthalsianum,0.125,0.108061889,0,0.01202336
1364,Xanthophyllum nigricans,0.125,0.125,0,0
1365,Xanthophyllum rufum,0.498636871,0.108061889,0,0
1366,Xanthophyllum stipitatum,0.190726832,0,0,0
1367,Xanthophyllum vitellinum,0,0.072848046,0,0
1368,Xanthophyllum wrayi,0.066633815,0.124999052,0,0
1369,Xerospermum laevigatum,0.566675168,0.118313124,0,0
1370,Xerospermum noronhianum,0.277346129,0,0,0
1371,Xylopia caudata,0.070065881,0.072848046,0,0
1372,Xylopia elliptica,0.176550723,0,0.017520612,0
1373,Xylopia ferruginea,0.156082975,0.181257704,0,0.01202336
1374,Xylopia glauca,0.224146198,0,0,0
1375,Xylopia malayana,0.337938756,0,0,0
1376,Zanthoxylum myriacanthum,0.096688666,0,0,0
1377,Zehneria mucronata,0,0,0.077073921,0.006263422
1378,Zingiber acuminatum,0.124999987,0.0686853,0,0
1379,Zingiberaceae sp. 16,0.048789288,0,0,0
1380,Zingiberaceae sp. 18,0,0.108061889,0,0
1381,Ziziphus angustifolia,0.096688666,0,0,0
1382,Ziziphus horsfieldii,0.121333629,0,0,0
1383,Ziziphus jujuba,0.048789288,0.043309399,0,0
